{
  "settings": {
    "n_worms": 10,
    "pre_eq_ticks": 2000,
    "sensory_noise": 0.1,
    "tau_rid": 200.0,
    "gains_tested": [
      0.2,
      0.5,
      1.0
    ]
  },
  "aggregate": {
    "category": {
      "subspace_alignment": {
        "n": 10,
        "mean": 0.35319972433885366,
        "std": 0.012984405319856136,
        "min": 0.3321955941691271,
        "max": 0.3819633219484063
      },
      "temporal_correlation": {
        "n": 10,
        "mean": -0.014036637985652939,
        "std": 0.019124247181316924,
        "min": -0.04989972992575003,
        "max": 0.009569265967427468
      },
      "fc_similarity": {
        "n": 10,
        "mean": 0.06058847988509296,
        "std": 0.033458311404955615,
        "min": 0.011762479514862033,
        "max": 0.11224467763763382
      }
    },
    "rid_gain_0.2": {
      "subspace_alignment": {
        "n": 10,
        "mean": 0.35475320980832004,
        "std": 0.013155104493022539,
        "min": 0.336316323161155,
        "max": 0.3857112826099893
      },
      "temporal_correlation": {
        "n": 10,
        "mean": -0.013608510347415666,
        "std": 0.019014143943540947,
        "min": -0.04910176373629555,
        "max": 0.009834138979601123
      },
      "fc_similarity": {
        "n": 10,
        "mean": 0.059704952890373544,
        "std": 0.03308077492479714,
        "min": 0.010588677750195435,
        "max": 0.11098420757980741
      }
    },
    "rid_gain_0.5": {
      "subspace_alignment": {
        "n": 10,
        "mean": 0.3575963854802453,
        "std": 0.013445489627620088,
        "min": 0.3431134153618389,
        "max": 0.38949296641581577
      },
      "temporal_correlation": {
        "n": 10,
        "mean": -0.012790716947591985,
        "std": 0.01878346296045481,
        "min": -0.0475157463678347,
        "max": 0.010210921939925437
      },
      "fc_similarity": {
        "n": 10,
        "mean": 0.05872182511853323,
        "std": 0.03244931552459333,
        "min": 0.008148399753202992,
        "max": 0.10905196177776894
      }
    },
    "rid_gain_1.0": {
      "subspace_alignment": {
        "n": 10,
        "mean": 0.3611268674028276,
        "std": 0.01615151875617945,
        "min": 0.3413621166386918,
        "max": 0.39513794190540075
      },
      "temporal_correlation": {
        "n": 10,
        "mean": -0.01102825620605658,
        "std": 0.018333199863416163,
        "min": -0.04385111675154843,
        "max": 0.011321559890721679
      },
      "fc_similarity": {
        "n": 10,
        "mean": 0.058418000773770996,
        "std": 0.03137404986369855,
        "min": 0.004616534870845303,
        "max": 0.10610679252484928
      }
    }
  },
  "per_recording": {
    "category": [
      {
        "subspace_alignment": 0.3396279900564962,
        "temporal_correlation": -0.01756442130080957,
        "fc_similarity": 0.045980996240590086,
        "recording_id": "2022-08-02-01",
        "digital_max_abs_V": 0.999228835105896,
        "digital_mean_abs_V": 0.6650079488754272
      },
      {
        "subspace_alignment": 0.3457952778847705,
        "temporal_correlation": 0.001432310188908432,
        "fc_similarity": 0.040930742224557885,
        "recording_id": "2023-01-17-14",
        "digital_max_abs_V": 0.9992923736572266,
        "digital_mean_abs_V": 0.6648896336555481
      },
      {
        "subspace_alignment": 0.3537609560343921,
        "temporal_correlation": 0.009569265967427468,
        "fc_similarity": 0.012159709798352585,
        "recording_id": "2023-01-09-15",
        "digital_max_abs_V": 0.999276340007782,
        "digital_mean_abs_V": 0.6648882031440735
      },
      {
        "subspace_alignment": 0.35920783542325685,
        "temporal_correlation": 0.00397248308821471,
        "fc_similarity": 0.07937137700021377,
        "recording_id": "2023-01-10-07",
        "digital_max_abs_V": 0.999194324016571,
        "digital_mean_abs_V": 0.6649999618530273
      },
      {
        "subspace_alignment": 0.34521382612004403,
        "temporal_correlation": -0.04989972992575003,
        "fc_similarity": 0.11224467763763382,
        "recording_id": "2023-01-23-15",
        "digital_max_abs_V": 0.9993034601211548,
        "digital_mean_abs_V": 0.6649942994117737
      },
      {
        "subspace_alignment": 0.3571328775025483,
        "temporal_correlation": -0.007795966781424807,
        "fc_similarity": 0.04827460155916206,
        "recording_id": "2022-06-14-13",
        "digital_max_abs_V": 0.9991248250007629,
        "digital_mean_abs_V": 0.6649293899536133
      },
      {
        "subspace_alignment": 0.3602094664525668,
        "temporal_correlation": -0.04096192792042645,
        "fc_similarity": 0.10721529314566237,
        "recording_id": "2022-07-20-01",
        "digital_max_abs_V": 0.9991998672485352,
        "digital_mean_abs_V": 0.6649234294891357
      },
      {
        "subspace_alignment": 0.3819633219484063,
        "temporal_correlation": 0.0020334776342849537,
        "fc_similarity": 0.06501859271202176,
        "recording_id": "2023-01-09-22",
        "digital_max_abs_V": 0.9991357326507568,
        "digital_mean_abs_V": 0.664940595626831
      },
      {
        "subspace_alignment": 0.3321955941691271,
        "temporal_correlation": -0.028644873696381197,
        "fc_similarity": 0.011762479514862033,
        "recording_id": "2023-01-23-21",
        "digital_max_abs_V": 0.9992606043815613,
        "digital_mean_abs_V": 0.6650865077972412
      },
      {
        "subspace_alignment": 0.3568900977969285,
        "temporal_correlation": -0.012506997110572914,
        "fc_similarity": 0.08292632901787338,
        "recording_id": "2023-01-09-28",
        "digital_max_abs_V": 0.9992117285728455,
        "digital_mean_abs_V": 0.6648473739624023
      }
    ],
    "rid_gain_0.2": [
      {
        "subspace_alignment": 0.34071837933691934,
        "temporal_correlation": -0.016632862542356786,
        "fc_similarity": 0.04661044775041002,
        "recording_id": "2022-08-02-01",
        "digital_max_abs_V": 0.9992262721061707,
        "digital_mean_abs_V": 0.658151388168335,
        "final_c_RID": -0.5720310069379982
      },
      {
        "subspace_alignment": 0.3482948531874064,
        "temporal_correlation": 0.001704657240257781,
        "fc_similarity": 0.04054312634120577,
        "recording_id": "2023-01-17-14",
        "digital_max_abs_V": 0.9992903470993042,
        "digital_mean_abs_V": 0.6580305695533752,
        "final_c_RID": -0.57171670904585
      },
      {
        "subspace_alignment": 0.350953119853416,
        "temporal_correlation": 0.009834138979601123,
        "fc_similarity": 0.010588677750195435,
        "recording_id": "2023-01-09-15",
        "digital_max_abs_V": 0.9992738366127014,
        "digital_mean_abs_V": 0.6580270528793335,
        "final_c_RID": -0.5721463080510873
      },
      {
        "subspace_alignment": 0.36308109038351466,
        "temporal_correlation": 0.005042653607497749,
        "fc_similarity": 0.07958579814905294,
        "recording_id": "2023-01-10-07",
        "digital_max_abs_V": 0.9991916418075562,
        "digital_mean_abs_V": 0.6581397652626038,
        "final_c_RID": -0.5719635444457485
      },
      {
        "subspace_alignment": 0.3477438642023783,
        "temporal_correlation": -0.04910176373629555,
        "fc_similarity": 0.11098420757980741,
        "recording_id": "2023-01-23-15",
        "digital_max_abs_V": 0.9992998242378235,
        "digital_mean_abs_V": 0.6581383347511292,
        "final_c_RID": -0.5723589626513778
      },
      {
        "subspace_alignment": 0.35688830170806846,
        "temporal_correlation": -0.007891639035448757,
        "fc_similarity": 0.04729067619835341,
        "recording_id": "2022-06-14-13",
        "digital_max_abs_V": 0.9991217851638794,
        "digital_mean_abs_V": 0.658074140548706,
        "final_c_RID": 0.5714060665992247
      },
      {
        "subspace_alignment": 0.3621894527405745,