{
  "settings": {
    "n_worms": 10,
    "pre_eq_ticks": 2000,
    "sensory_noise": 0.1
  },
  "aggregate": {
    "homogeneous": {
      "subspace_alignment": {
        "n": 10,
        "mean": 0.39356980517468354,
        "std": 0.015281813853983018,
        "min": 0.371001262747067,
        "max": 0.41436566260985436
      },
      "temporal_correlation": {
        "n": 10,
        "mean": -0.003391911915191058,
        "std": 0.0512020644904342,
        "min": -0.0801510846480042,
        "max": 0.09548394140465451
      },
      "fc_similarity": {
        "n": 10,
        "mean": 0.017360101369554095,
        "std": 0.03211185808098207,
        "min": -0.02447810595056765,
        "max": 0.07190946991376908
      }
    },
    "category": {
      "subspace_alignment": {
        "n": 10,
        "mean": 0.35319972433885366,
        "std": 0.012984405319856136,
        "min": 0.3321955941691271,
        "max": 0.3819633219484063
      },
      "temporal_correlation": {
        "n": 10,
        "mean": -0.014036637985652939,
        "std": 0.019124247181316924,
        "min": -0.04989972992575003,
        "max": 0.009569265967427468
      },
      "fc_similarity": {
        "n": 10,
        "mean": 0.06058847988509296,
        "std": 0.033458311404955615,
        "min": 0.011762479514862033,
        "max": 0.11224467763763382
      }
    },
    "key_neuron": {
      "subspace_alignment": {
        "n": 10,
        "mean": 0.348572182759182,
        "std": 0.009740627103025742,
        "min": 0.3351507548532506,
        "max": 0.36719801281554176
      },
      "temporal_correlation": {
        "n": 10,
        "mean": -0.015601826770044933,
        "std": 0.025496181116127607,
        "min": -0.06607026550271183,
        "max": 0.015224634023303958
      },
      "fc_similarity": {
        "n": 10,
        "mean": 0.04420620991216957,
        "std": 0.02837657457948836,
        "min": 0.007746253671192486,
        "max": 0.1084811507516156
      }
    }
  },
  "per_recording": {
    "homogeneous": [
      {
        "subspace_alignment": 0.38312741228575675,
        "temporal_correlation": -0.041310738155520436,
        "fc_similarity": 0.003818985399630854,
        "recording_id": "2022-08-02-01",
        "digital_max_abs_V": 0.09868674725294113,
        "digital_mean_abs_V": 0.006707804277539253
      },
      {
        "subspace_alignment": 0.400008756235205,
        "temporal_correlation": 0.04225017048666799,
        "fc_similarity": -0.011782897819137758,
        "recording_id": "2023-01-17-14",
        "digital_max_abs_V": 0.09142199903726578,
        "digital_mean_abs_V": 0.007869544439017773
      },
      {
        "subspace_alignment": 0.41436566260985436,
        "temporal_correlation": -0.004176836627476089,
        "fc_similarity": 0.04165010723823813,
        "recording_id": "2023-01-09-15",
        "digital_max_abs_V": 0.09120290726423264,
        "digital_mean_abs_V": 0.008081799373030663
      },
      {
        "subspace_alignment": 0.41171392765328296,
        "temporal_correlation": 0.09548394140465451,
        "fc_similarity": 0.03592049174505188,
        "recording_id": "2023-01-10-07",
        "digital_max_abs_V": 0.09147073328495026,
        "digital_mean_abs_V": 0.007161540910601616
      },
      {
        "subspace_alignment": 0.4053930968712879,
        "temporal_correlation": -0.0801510846480042,
        "fc_similarity": 0.06402222484273237,
        "recording_id": "2023-01-23-15",
        "digital_max_abs_V": 0.09651260823011398,
        "digital_mean_abs_V": 0.007803820539265871
      },
      {
        "subspace_alignment": 0.40094331360357344,
        "temporal_correlation": 0.028189955240107364,
        "fc_similarity": -0.00213587278215201,
        "recording_id": "2022-06-14-13",
        "digital_max_abs_V": 0.08923457562923431,
        "digital_mean_abs_V": 0.008074576035141945
      },
      {
        "subspace_alignment": 0.37265637401615465,
        "temporal_correlation": -0.036138447647414584,
        "fc_similarity": 0.008724371684836507,
        "recording_id": "2022-07-20-01",
        "digital_max_abs_V": 0.09629538655281067,
        "digital_mean_abs_V": 0.008239665068686008
      },
      {
        "subspace_alignment": 0.3988639739036822,
        "temporal_correlation": -0.04617591224548138,
        "fc_similarity": -0.02447810595056765,
        "recording_id": "2023-01-09-22",
        "digital_max_abs_V": 0.09592238813638687,
        "digital_mean_abs_V": 0.01169774029403925
      },
      {
        "subspace_alignment": 0.371001262747067,
        "temporal_correlation": -0.03477371215118289,
        "fc_similarity": -0.014047760576860451,
        "recording_id": "2023-01-23-21",
        "digital_max_abs_V": 0.09546487778425217,
        "digital_mean_abs_V": 0.008722633123397827
      },
      {
        "subspace_alignment": 0.3776242718209715,
        "temporal_correlation": 0.042883545191739134,
        "fc_similarity": 0.07190946991376908,
        "recording_id": "2023-01-09-28",
        "digital_max_abs_V": 0.09153902530670166,
        "digital_mean_abs_V": 0.00762887392193079
      }
    ],
    "category": [
      {
        "subspace_alignment": 0.3396279900564962,
        "temporal_correlation": -0.01756442130080957,
        "fc_similarity": 0.045980996240590086,
        "recording_id": "2022-08-02-01",
        "digital_max_abs_V": 0.999228835105896,
        "digital_mean_abs_V": 0.6650079488754272
      },
      {
        "subspace_alignment": 0.3457952778847705,
        "temporal_correlation": 0.001432310188908432,
        "fc_similarity": 0.040930742224557885,
        "recording_id": "2023-01-17-14",
        "digital_max_abs_V": 0.9992923736572266,
        "digital_mean_abs_V": 0.6648896336555481
      },
      {
        "subspace_alignment": 0.3537609560343921,
        "temporal_correlation": 0.009569265967427468,
        "fc_similarity": 0.012159709798352585,
        "recording_id": "2023-01-09-15",
        "digital_max_abs_V": 0.999276340007782,
        "digital_mean_abs_V": 0.6648882031440735
      },
      {
        "subspace_alignment": 0.35920783542325685,
        "temporal_correlation": 0.00397248308821471,
        "fc_similarity": 0.07937137700021377,
        "recording_id": "2023-01-10-07",
        "digital_max_abs_V": 0.999194324016571,
        "digital_mean_abs_V": 0.6649999618530273
      },
      {
        "subspace_alignment": 0.34521382612004403,
        "temporal_correlation": -0.04989972992575003,
        "fc_similarity": 0.11224467763763382,
        "recording_id": "2023-01-23-15",
        "digital_max_abs_V": 0.9993034601211548,
        "digital_mean_abs_V": 0.6649942994117737
      },
      {
        "subspace_alignment": 0.3571328775025483,
        "temporal_correlation": -0.007795966781424807,
        "fc_similarity": 0.04827460155916206,
        "recording_id": "2022-06-14-13",
        "digital_max_abs_V": 0.9991248250007629,
        "digital_mean_abs_V": 0.6649293899536133
      },
      {
        "subspace_alignment": 0.3602094664525668,
        "temporal_correlation": -0.04096192792042645,
        "fc_similarity": 0.10721529314566237,
        "recording_id": "2022-07-20-01",
        "digital_max_abs_V": 0.9991998672485352,
        "digital_mean_abs_V": 0.6649234294891357
      },
      {
        "subspace_alignment": 0.3819633219484063,
        "temporal_correlation": 0.0020334776342849537,
        "fc_similarity": 0.06501859271202176,
        "recording_id": "2023-01-09-22",
        "digital_max_abs_V": 0.9991357326507568,
        "digital_mean_abs_V": 0.664940595626831
      },
      {
        "subspace_alignment": 0.3321955941691271,
        "temporal_correlation": -0.028644873696381197,
        "fc_similarity": 0.011762479514862033,
        "recording_id": "2023-01-23-21",
        "digital_max_abs_V": 0.9992606043815613,
        "digital_mean_abs_V": 0.6650865077972412
      },
      {
        "subspace_alignment": 0.3568900977969285,