{
  "settings": {
    "n_worms": 10,
    "pre_eq_ticks": 2000,
    "sensory_noise": 0.1,
    "tau_rid": 200.0,
    "gains_tested": [
      0.2,
      0.5,
      1.0
    ]
  },
  "aggregate": {
    "category": {
      "subspace_alignment": {
        "n": 10,
        "mean": 0.35319972433885366,
        "std": 0.012984405319856136,
        "min": 0.3321955941691271,
        "max": 0.3819633219484063
      },
      "temporal_correlation": {
        "n": 10,
        "mean": -0.014036637985652939,
        "std": 0.019124247181316924,
        "min": -0.04989972992575003,
        "max": 0.009569265967427468
      },
      "fc_similarity": {
        "n": 10,
        "mean": 0.06058847988509296,
        "std": 0.033458311404955615,
        "min": 0.011762479514862033,
        "max": 0.11224467763763382
      }
    },
    "rid_gain_0.2": {
      "subspace_alignment": {
        "n": 10,
        "mean": 0.3529761124172187,
        "std": 0.012964533450931117,
        "min": 0.3319714927249137,
        "max": 0.3810554451797795
      },
      "temporal_correlation": {
        "n": 10,
        "mean": -0.013962703165420046,
        "std": 0.01905827161526257,
        "min": -0.05000384511403324,
        "max": 0.009627431218853648
      },
      "fc_similarity": {
        "n": 10,
        "mean": 0.060949656973257896,
        "std": 0.03344247635022308,
        "min": 0.01195949429354484,
        "max": 0.11210970474745141
      }
    },
    "rid_gain_0.5": {
      "subspace_alignment": {
        "n": 10,
        "mean": 0.35263291014870657,
        "std": 0.012903503315020054,
        "min": 0.33157622734640213,
        "max": 0.37956813436013387
      },
      "temporal_correlation": {
        "n": 10,
        "mean": -0.013836022092173644,
        "std": 0.018928867305454223,
        "min": -0.05004641386991765,
        "max": 0.00963642117286768
      },
      "fc_similarity": {
        "n": 10,
        "mean": 0.06161277683008404,
        "std": 0.03343286620762026,
        "min": 0.01225533728751188,
        "max": 0.11201985437591974
      }
    },
    "rid_gain_1.0": {
      "subspace_alignment": {
        "n": 10,
        "mean": 0.3521566277882319,
        "std": 0.0127025633682109,
        "min": 0.3308342993056854,
        "max": 0.3770375534952567
      },
      "temporal_correlation": {
        "n": 10,
        "mean": -0.01358948958881366,
        "std": 0.018638750457028466,
        "min": -0.04980921406282828,
        "max": 0.009424352294413681
      },
      "fc_similarity": {
        "n": 10,
        "mean": 0.06297480244137686,
        "std": 0.03344812457299746,
        "min": 0.012686708424464661,
        "max": 0.11206344506140997
      }
    }
  },
  "per_recording": {
    "category": [
      {
        "subspace_alignment": 0.3396279900564962,
        "temporal_correlation": -0.01756442130080957,
        "fc_similarity": 0.045980996240590086,
        "recording_id": "2022-08-02-01",
        "digital_max_abs_V": 0.999228835105896,
        "digital_mean_abs_V": 0.6650079488754272
      },
      {
        "subspace_alignment": 0.3457952778847705,
        "temporal_correlation": 0.001432310188908432,
        "fc_similarity": 0.040930742224557885,
        "recording_id": "2023-01-17-14",
        "digital_max_abs_V": 0.9992923736572266,
        "digital_mean_abs_V": 0.6648896336555481
      },
      {
        "subspace_alignment": 0.3537609560343921,
        "temporal_correlation": 0.009569265967427468,
        "fc_similarity": 0.012159709798352585,
        "recording_id": "2023-01-09-15",
        "digital_max_abs_V": 0.999276340007782,
        "digital_mean_abs_V": 0.6648882031440735
      },
      {
        "subspace_alignment": 0.35920783542325685,
        "temporal_correlation": 0.00397248308821471,
        "fc_similarity": 0.07937137700021377,
        "recording_id": "2023-01-10-07",
        "digital_max_abs_V": 0.999194324016571,
        "digital_mean_abs_V": 0.6649999618530273
      },
      {
        "subspace_alignment": 0.34521382612004403,
        "temporal_correlation": -0.04989972992575003,
        "fc_similarity": 0.11224467763763382,
        "recording_id": "2023-01-23-15",
        "digital_max_abs_V": 0.9993034601211548,
        "digital_mean_abs_V": 0.6649942994117737
      },
      {
        "subspace_alignment": 0.3571328775025483,
        "temporal_correlation": -0.007795966781424807,
        "fc_similarity": 0.04827460155916206,
        "recording_id": "2022-06-14-13",
        "digital_max_abs_V": 0.9991248250007629,
        "digital_mean_abs_V": 0.6649293899536133
      },
      {
        "subspace_alignment": 0.3602094664525668,
        "temporal_correlation": -0.04096192792042645,
        "fc_similarity": 0.10721529314566237,
        "recording_id": "2022-07-20-01",
        "digital_max_abs_V": 0.9991998672485352,
        "digital_mean_abs_V": 0.6649234294891357
      },
      {
        "subspace_alignment": 0.3819633219484063,
        "temporal_correlation": 0.0020334776342849537,
        "fc_similarity": 0.06501859271202176,
        "recording_id": "2023-01-09-22",
        "digital_max_abs_V": 0.9991357326507568,
        "digital_mean_abs_V": 0.664940595626831
      },
      {
        "subspace_alignment": 0.3321955941691271,
        "temporal_correlation": -0.028644873696381197,
        "fc_similarity": 0.011762479514862033,
        "recording_id": "2023-01-23-21",
        "digital_max_abs_V": 0.9992606043815613,
        "digital_mean_abs_V": 0.6650865077972412
      },
      {
        "subspace_alignment": 0.3568900977969285,
        "temporal_correlation": -0.012506997110572914,
        "fc_similarity": 0.08292632901787338,
        "recording_id": "2023-01-09-28",
        "digital_max_abs_V": 0.9992117285728455,
        "digital_mean_abs_V": 0.6648473739624023
      }
    ],
    "rid_gain_0.2": [
      {
        "subspace_alignment": 0.3393796495057303,
        "temporal_correlation": -0.01730128274112969,
        "fc_similarity": 0.046674093943592135,
        "recording_id": "2022-08-02-01",
        "digital_max_abs_V": 0.9992294907569885,
        "digital_mean_abs_V": 0.6692832708358765,
        "final_c_RID": -0.6013819713854351
      },
      {
        "subspace_alignment": 0.3452402381391172,
        "temporal_correlation": 0.0014422132429549753,
        "fc_similarity": 0.04103953243143858,
        "recording_id": "2023-01-17-14",
        "digital_max_abs_V": 0.9992928504943848,
        "digital_mean_abs_V": 0.6691657900810242,
        "final_c_RID": -0.6010885029598354
      },
      {
        "subspace_alignment": 0.3540912447715806,
        "temporal_correlation": 0.009627431218853648,
        "fc_similarity": 0.012543912941539444,
        "recording_id": "2023-01-09-15",
        "digital_max_abs_V": 0.9992769360542297,
        "digital_mean_abs_V": 0.669166088104248,
        "final_c_RID": -0.601513597445192
      },
      {
        "subspace_alignment": 0.3598107775646146,
        "temporal_correlation": 0.003941078112153433,
        "fc_similarity": 0.07967180897124768,
        "recording_id": "2023-01-10-07",
        "digital_max_abs_V": 0.9991949796676636,
        "digital_mean_abs_V": 0.6692770719528198,
        "final_c_RID": -0.6013633613501603
      },
      {
        "subspace_alignment": 0.34416296413998293,
        "temporal_correlation": -0.05000384511403324,
        "fc_similarity": 0.11210970474745141,
        "recording_id": "2023-01-23-15",
        "digital_max_abs_V": 0.9993038177490234,
        "digital_mean_abs_V": 0.6692715287208557,
        "final_c_RID": -0.6017436275262351
      },
      {
        "subspace_alignment": 0.3571147554016372,
        "temporal_correlation": -0.007921245411937037,
        "fc_similarity": 0.04885477968663699,
        "recording_id": "2022-06-14-13",
        "digital_max_abs_V": 0.9991254806518555,
        "digital_mean_abs_V": 0.6692034602165222,
        "final_c_RID": 0.6007800559585821
      },
      {
        "subspace_alignment": 0.3597670516978917,