{
  "warmup_ticks": 1000,
  "sample_ticks": 4000,
  "seeds": [
    1000,
    1001,
    1002
  ],
  "per_seed": [
    {
      "seed": 1000,
      "n_active": 108,
      "runtime_s": 0.3927927017211914,
      "fractions": {
        "-0.05": 0.26791277258566976,
        "-0.1": 0.08324679820006922,
        "-0.2": 0.002249913464866736,
        "-0.3": 0.0
      }
    },
    {
      "seed": 1001,
      "n_active": 104,
      "runtime_s": 0.2793276309967041,
      "fractions": {
        "-0.05": 0.28808812546676626,
        "-0.1": 0.09073935772964899,
        "-0.2": 0.0016803584764749813,
        "-0.3": 0.0
      }
    },
    {
      "seed": 1002,
      "n_active": 102,
      "runtime_s": 0.27882909774780273,
      "fractions": {
        "-0.05": 0.27140361094933024,
        "-0.1": 0.09687439332168511,
        "-0.2": 0.0025237817899437004,
        "-0.3": 0.0
      }
    }
  ],
  "aggregate": {
    "-0.05": 0.27580150300058875,
    "-0.1": 0.09028684975046779,
    "-0.2": 0.0021513512437618056,
    "-0.3": 0.0
  },
  "real_baseline": {
    "-0.05": 0.3471901412821297,
    "-0.1": 0.2773862336050015,
    "-0.2": 0.16350778106302238,
    "-0.3": 0.08854780483561579
  }
}