{
  "n_worms": 10,
  "pre_eq_ticks": 2000,
  "sensory_noise": 0.2,
  "noise_level": 0.005,
  "aggregate": {
    "phase1.0": {
      "subspace_alignment": {
        "mean": 0.2771227004744775,
        "std": 0.02891851852924342
      },
      "temporal_correlation": {
        "mean": 0.00198575880397409,
        "std": 0.008909008003995869
      },
      "fc_similarity": {
        "mean": 0.009718246707126052,
        "std": 0.01630108819241441
      },
      "fwd_bwd_r": {
        "mean": 0.3803156197612699,
        "std": 0.24738473215553064
      },
      "fc_below_-0.05": {
        "mean": 0.3949150423239107,
        "std": 0.011999127656479083
      },
      "fc_below_-0.1": {
        "mean": 0.23904623748542247,
        "std": 0.009016020672057723
      },
      "fc_below_-0.2": {
        "mean": 0.03720604954643365,
        "std": 0.004168209013476984
      },
      "fc_below_-0.3": {
        "mean": 0.0012787364644732914,
        "std": 0.0005860333126630097
      },
      "silent_pharyngeal_cpg": {
        "mean": 0.0,
        "std": 0.0
      },
      "silent_ventral_cord_motor": {
        "mean": 0.0,
        "std": 0.0
      },
      "silent_egg_laying": {
        "mean": 0.0,
        "std": 0.0
      }
    },
    "phase1.6": {
      "subspace_alignment": {
        "mean": 0.2763991416410724,
        "std": 0.028959155611596628
      },
      "temporal_correlation": {
        "mean": 0.0015125530253227682,
        "std": 0.009132740824584096
      },
      "fc_similarity": {
        "mean": 0.010012782122186684,
        "std": 0.01593711128604644
      },
      "fwd_bwd_r": {
        "mean": 0.3803156197612699,
        "std": 0.24738473215553064
      },
      "fc_below_-0.05": {
        "mean": 0.39554873236153976,
        "std": 0.011891775458453317
      },
      "fc_below_-0.1": {
        "mean": 0.23885889244709685,
        "std": 0.008947837249303817
      },
      "fc_below_-0.2": {
        "mean": 0.03704363955491115,
        "std": 0.0041142008874086285
      },
      "fc_below_-0.3": {
        "mean": 0.0012729213259502063,
        "std": 0.0005850912657884373
      },
      "silent_pharyngeal_cpg": {
        "mean": 0.0,
        "std": 0.0
      },
      "silent_ventral_cord_motor": {
        "mean": 0.0,
        "std": 0.0
      },
      "silent_egg_laying": {
        "mean": 0.0,
        "std": 0.0
      }
    }
  },
  "per_recording": {
    "phase1.0": [
      {
        "subspace_alignment": 0.24003190938731905,
        "temporal_correlation": 0.011899681669711917,
        "fc_similarity": 0.013111683616124647,
        "n_matched": 111,
        "recording_id": "2022-08-02-01",
        "seed": 1000,
        "runtime_s": 0.5624916553497314,
        "total_spikes": 1872,
        "active_neurons": 101,
        "c_RID": 0.0,
        "c_5HT": 0.05201815970698802
      },
      {
        "subspace_alignment": 0.25321858718149653,
        "temporal_correlation": 0.003573272495598392,
        "fc_similarity": 0.0018599608627311473,
        "n_matched": 105,
        "recording_id": "2023-01-17-14",
        "seed": 1001,
        "runtime_s": 0.4616875648498535,
        "total_spikes": 1818,
        "active_neurons": 96,
        "c_RID": 0.0,
        "c_5HT": 0.04668047853593702
      },
      {
        "subspace_alignment": 0.28188418853302266,
        "temporal_correlation": 0.008857355152325472,
        "fc_similarity": 0.020007764528558757,
        "n_matched": 99,
        "recording_id": "2023-01-09-15",
        "seed": 1002,
        "runtime_s": 0.4713597297668457,
        "total_spikes": 1931,
        "active_neurons": 100,
        "c_RID": 0.0,
        "c_5HT": 0.06251063514096786
      },
      {
        "subspace_alignment": 0.2589391717218136,
        "temporal_correlation": 0.005271671193993024,
        "fc_similarity": 0.002166724471683209,
        "n_matched": 95,
        "recording_id": "2023-01-10-07",
        "seed": 1003,
        "runtime_s": 0.47741007804870605,
        "total_spikes": 1805,
        "active_neurons": 94,
        "c_RID": 0.0,
        "c_5HT": 0.040410814344920325
      },
      {
        "subspace_alignment": 0.31464965308694726,
        "temporal_correlation": -0.01862772755415913,
        "fc_similarity": 0.018543792265316803,
        "n_matched": 96,
        "recording_id": "2023-01-23-15",
        "seed": 1004,
        "runtime_s": 0.4792819023132324,
        "total_spikes": 1732,
        "active_neurons": 97,
        "c_RID": 0.0,
        "c_5HT": 0.06873396827776176
      },
      {
        "subspace_alignment": 0.27926572939317007,
        "temporal_correlation": 0.005711066896771535,
        "fc_similarity": -0.009828902549011994,
        "n_matched": 94,
        "recording_id": "2022-06-14-13",
        "seed": 1005,
        "runtime_s": 0.4702937602996826,
        "total_spikes": 1830,
        "active_neurons": 100,
        "c_RID": 0.0,
        "c_5HT": 0.04314776585617417
      },
      {
        "subspace_alignment": 0.29484914457240186,
        "temporal_correlation": -0.0024419786185401475,
        "fc_similarity": 0.04651951247606791,
        "n_matched": 94,
        "recording_id": "2022-07-20-01",
        "seed": 1006,
        "runtime_s": 0.5133111476898193,
        "total_spikes": 1792,
        "active_neurons": 99,
        "c_RID": 0.0,
        "c_5HT": 0.0361555334657945
      },
      {
        "subspace_alignment": 0.3211394392519158,
        "temporal_correlation": 0.011354710398648785,
        "fc_similarity": 0.01761894001646809,
        "n_matched": 93,
        "recording_id": "2023-01-09-22",
        "seed": 1007,
        "runtime_s": 0.46225905418395996,
        "total_spikes": 1867,
        "active_neurons": 101,
        "c_RID": 0.0,
        "c_5HT": 0.060319390564115685
      },
      {
        "subspace_alignment": 0.23173886947703734,
        "temporal_correlation": 0.0016874524230790526,
        "fc_similarity": -0.0029294660076326032,
        "n_matched": 94,
        "recording_id": "2023-01-23-21",
        "seed": 1008,
        "runtime_s": 0.47231245040893555,
        "total_spikes": 1795,
        "active_neurons": 104,
        "c_RID": 0.0,
        "c_5HT": 0.06355877819616072
      },
      {
        "subspace_alignment": 0.2955103121396513,
        "temporal_correlation": -0.007427916017688008,
        "fc_similarity": -0.009887542609045435,
        "n_matched": 91,
        "recording_id": "2023-01-09-28",
        "seed": 1009,
        "runtime_s": 0.4715118408203125,
        "total_spikes": 1847,
        "active_neurons": 99,
        "c_RID": 0.0,
        "c_5HT": 0.04696556514731213
      }
    ],
    "phase1.6": [
      {
        "subspace_alignment": 0.24003190938731905,
        "temporal_correlation": 0.011899681669711917,
        "fc_similarity": 0.013111683616124647,
        "n_matched": 111,
        "recording_id": "2022-08-02-01",
        "seed": 1000,
        "runtime_s": 0.4926414489746094,
        "total_spikes": 1873,
        "active_neurons": 101,
        "c_RID": 0.0,
        "c_5HT": 0.05201815970698802,
        "c_tyramine": 0.0
      },
      {
        "subspace_alignment": 0.25004691916873034,
        "temporal_correlation": 0.0009453320435814778,
        "fc_similarity": 0.0012722640431817767,
        "n_matched": 105,
        "recording_id": "2023-01-17-14",
        "seed": 1001,
        "runtime_s": 0.48514294624328613,
        "total_spikes": 1819,
        "active_neurons": 97,
        "c_RID": 0.0,
        "c_5HT": 0.04668047853593702,
        "c_tyramine": 0.0
      },
      {
        "subspace_alignment": 0.28188418853302266,
        "temporal_correlation": 0.008857355152325472,
        "fc_similarity": 0.020007764528558757,
        "n_matched": 99,
        "recording_id": "2023-01-09-15",
        "seed": 1002,
        "runtime_s": 0.49317193031311035,
        "total_spikes": 1931,
        "active_neurons": 100,
        "c_RID": 0.0,
        "c_5HT": 0.06251063514096786,